Workbook

Sheet Raw Data
A1: Month | B1: Quarter | C1: MRR ($) | D1: New ARR ($) | E1: Churn ARR ($) | F1: Expansion ARR ($) | G1: Active Customers | H1: New Customers | I1: Churned Customers | J1: NPS Score | K1: CAC ($) | L1: LTV ($) | M1: CSAT Score
A2: Jan-24 | B2: Q1 2024 | C2: 891805 | D2: 88278 | E2: 42299 | F2: 40024 | G2: 438 | H2: 25 | I2: 7 | J2: 46 | K2: 4009 | L2: 24280 | M2: 4.6
A3: Feb-24 | B3: Q1 2024 | C3: 920886 | D3: 140302 | E3: 19041 | F3: 23952 | G3: 451 | H3: 20 | I3: 7 | J3: 49 | K3: 4834 | L3: 28446 | M3: 4.4
A4: Mar-24 | B4: Q1 2024 | C4: 968293 | D4: 156426 | E4: 31746 | F4: 36446 | G4: 475 | H4: 32 | I4: 8 | J4: 67 | K4: 3813 | L4: 23813 | M4: 4.2
A5: Apr-24 | B5: Q2 2024 | C5: 1009618 | D5: 121421 | E5: 23094 | F5: 36110 | G5: 498 | H5: 28 | I5: 5 | J5: 44 | K5: 4578 | L5: 21619 | M5: 4.6
A6: May-24 | B6: Q2 2024 | C6: 1058193 | D6: 90695 | E6: 41911 | F6: 52108 | G6: 528 | H6: 35 | I6: 5 | J6: 54 | K6: 3961 | L6: 22854 | M6: 4.6
A7: Jun-24 | B7: Q2 2024 | C7: 1109574 | D7: 132400 | E7: 36918 | F7: 34601 | G7: 544 | H7: 20 | I7: 4 | J7: 63 | K7: 4266 | L7: 26782 | M7: 4.7
A8: Jul-24 | B8: Q3 2024 | C8: 1171333 | D8: 98238 | E8: 30455 | F8: 40217 | G8: 567 | H8: 32 | I8: 9 | J8: 47 | K8: 4558 | L8: 24235 | M8: 4.5
A9: Aug-24 | B9: Q3 2024 | C9: 1231135 | D9: 94358 | E9: 37960 | F9: 33215 | G9: 595 | H9: 35 | I9: 7 | J9: 47 | K9: 4746 | L9: 25499 | M9: 4.7
A10: Sep-24 | B10: Q3 2024 | C10: 1291706 | D10: 158000 | E10: 25196 | F10: 43252 | G10: 607 | H10: 19 | I10: 7 | J10: 68 | K10: 3865 | L10: 24549 | M10: 4.3
A11: Oct-24 | B11: Q4 2024 | C11: 1333022 | D11: 159341 | E11: 41524 | F11: 42622 | G11: 620 | H11: 24 | I11: 11 | J11: 54 | K11: 5116 | L11: 28421 | M11: 4.3
A12: Nov-24 | B12: Q4 2024 | C12: 1382876 | D12: 158579 | E12: 35661 | F12: 39219 | G12: 646 | H12: 36 | I12: 10 | J12: 60 | K12: 4617 | L12: 24621 | M12: 4.7
A13: Dec-24 | B13: Q4 2024 | C13: 1430101 | D13: 149686 | E13: 20978 | F13: 25087 | G13: 661 | H13: 21 | I13: 6 | J13: 62 | K13: 4127 | L13: 26090 | M13: 4.4

Sheet KPI Dashboard
B1: NovaSaaS — SaaS Operations KPI Dashboard | FY 2024
B4: All figures based on FY 2024 monthly actuals. Benchmarks sourced from OpenView SaaS Benchmarks 2024.
B6: Annual Recurring Revenue | D6: MRR (Dec-24) | G6: Active Customers | I6: Net Revenue Retention
B7: ='KPI Calc'!B2 -> 17161212 | D7: ='KPI Calc'!B5 -> 1430101 | G7: ='KPI Calc'!B8 -> 661 | I7: ='KPI Calc'!B11 -> 1.6036028
B9: ='KPI Calc'!B3 -> 6459552 | D9: ='KPI Calc'!B6 -> 0.034149844 | G9: ='KPI Calc'!B9 -> 223 | I9: ='KPI Calc'!B12 -> 0.50360281
B11: vs Jan-24 | D11: MoM growth | G11: vs Jan-24 | I11: benchmark: >110%
B14: Avg NPS Score | D14: CAC Payback (mo.) | G14: LTV:CAC Ratio | I14: Gross Churn Rate
B15: ='KPI Calc'!B14 -> 55.083333 | D15: ='KPI Calc'!B17 -> 1.6898996 | G15: ='KPI Calc'!B20 -> 5.7384073 | I15: ='KPI Calc'!B23 -> 0.036142337
B17: ='KPI Calc'!B15 -> 5.0833333 | D17: ='KPI Calc'!B18 -> -16.3101 | G17: ='KPI Calc'!B21 -> 2.7384073 | I17: ='KPI Calc'!B24 -> -0.063857663
B19: benchmark: 40–60 | D19: benchmark: <18mo | G19: benchmark: >3x | I19: benchmark: <10%
B22: Monthly Trends
B23: MRR Trend — Monthly ($) | G23: Customer Cohort — Q1 to Q4 2024
B24: Month | C24: MRR | D24: MoM Δ | E24: NPS | G24: Quarter | H24: New Cust. | I24: Churned | J24: Net Add
B25: ='Raw Data'!A2 -> Jan-24 | C25: ='Raw Data'!C2 -> 891805 | D25: — | E25: ='Raw Data'!J2 -> 46 | G25: Q1 2024 | H25: =SUM('Raw Data'!H2:H4) -> 77 | I25: =SUM('Raw Data'!I2:I4) -> 22 | J25: =H25-I25 -> 55
B26: ='Raw Data'!A3 -> Feb-24 | C26: ='Raw Data'!C3 -> 920886 | D26: ='Raw Data'!C3/'Raw Data'!C2-1 -> 0.032609147 | E26: ='Raw Data'!J3 -> 49
B27: ='Raw Data'!A4 -> Mar-24 | C27: ='Raw Data'!C4 -> 968293 | D27: ='Raw Data'!C4/'Raw Data'!C3-1 -> 0.051479771 | E27: ='Raw Data'!J4 -> 67
B28: ='Raw Data'!A5 -> Apr-24 | C28: ='Raw Data'!C5 -> 1009618 | D28: ='Raw Data'!C5/'Raw Data'!C4-1 -> 0.042678198 | E28: ='Raw Data'!J5 -> 44 | G28: Q2 2024 | H28: =SUM('Raw Data'!H5:H7) -> 83 | I28: =SUM('Raw Data'!I5:I7) -> 14 | J28: =H28-I28 -> 69
B29: ='Raw Data'!A6 -> May-24 | C29: ='Raw Data'!C6 -> 1058193 | D29: ='Raw Data'!C6/'Raw Data'!C5-1 -> 0.048112256 | E29: ='Raw Data'!J6 -> 54
B30: ='Raw Data'!A7 -> Jun-24 | C30: ='Raw Data'!C7 -> 1109574 | D30: ='Raw Data'!C7/'Raw Data'!C6-1 -> 0.048555415 | E30: ='Raw Data'!J7 -> 63
B31: ='Raw Data'!A8 -> Jul-24 | C31: ='Raw Data'!C8 -> 1171333 | D31: ='Raw Data'!C8/'Raw Data'!C7-1 -> 0.0556601 | E31: ='Raw Data'!J8 -> 47 | G31: Q3 2024 | H31: =SUM('Raw Data'!H8:H10) -> 86 | I31: =SUM('Raw Data'!I8:I10) -> 23 | J31: =H31-I31 -> 63
B32: ='Raw Data'!A9 -> Aug-24 | C32: ='Raw Data'!C9 -> 1231135 | D32: ='Raw Data'!C9/'Raw Data'!C8-1 -> 0.051054653 | E32: ='Raw Data'!J9 -> 47
B33: ='Raw Data'!A10 -> Sep-24 | C33: ='Raw Data'!C10 -> 1291706 | D33: ='Raw Data'!C10/'Raw Data'!C9-1 -> 0.049199316 | E33: ='Raw Data'!J10 -> 68
B34: ='Raw Data'!A11 -> Oct-24 | C34: ='Raw Data'!C11 -> 1333022 | D34: ='Raw Data'!C11/'Raw Data'!C10-1 -> 0.031985607 | E34: ='Raw Data'!J11 -> 54 | G34: Q4 2024 | H34: =SUM('Raw Data'!H11:H13) -> 81 | I34: =SUM('Raw Data'!I11:I13) -> 27 | J34: =H34-I34 -> 54
B35: ='Raw Data'!A12 -> Nov-24 | C35: ='Raw Data'!C12 -> 1382876 | D35: ='Raw Data'!C12/'Raw Data'!C11-1 -> 0.037399233 | E35: ='Raw Data'!J12 -> 60
B36: ='Raw Data'!A13 -> Dec-24 | C36: ='Raw Data'!C13 -> 1430101 | D36: ='Raw Data'!C13/'Raw Data'!C12-1 -> 0.034149844 | E36: ='Raw Data'!J13 -> 62

Sheet KPI Calc
A1: ARR (Dec-24) | B1: ='Raw Data'!C13*12 -> 17161212
A2: ARR vs Jan-24 | B2: ='Raw Data'!C13*12 -> 17161212
B3: =B2-'Raw Data'!C2*12 -> 6459552
A4: MRR Dec-24 | B4: ='Raw Data'!C13 -> 1430101
A5: MRR MoM Growth | B5: ='Raw Data'!C13 -> 1430101
B6: ='Raw Data'!C13/'Raw Data'!C12-1 -> 0.034149844
A7: Active Customers Dec-24 | B7: ='Raw Data'!G13 -> 661
A8: Customer Growth vs Jan-24 | B8: ='Raw Data'!G13 -> 661
B9: ='Raw Data'!G13-'Raw Data'!G2 -> 223
A10: Net Revenue Retention | B10: =('Raw Data'!C13*12)/('Raw Data'!C2*12) -> 1.6036028
A11: NRR vs 110% benchmark | B11: =('Raw Data'!C13*12)/('Raw Data'!C2*12) -> 1.6036028
B12: =B11-1.1 -> 0.50360281
A13: Avg NPS (Full Year) | B13: =AVERAGE('Raw Data'!J2:J13) -> 55.083333
A14: NPS vs 50 benchmark | B14: =AVERAGE('Raw Data'!J2:J13) -> 55.083333
B15: =B14-50 -> 5.0833333
A16: CAC Payback (months) | B16: =AVERAGE('Raw Data'!K2:K13)/('Raw Data'!C13/AVERAGE('Raw Data'!G2:G13)) -> 1.6898996
A17: Payback vs 18mo benchmark | B17: =AVERAGE('Raw Data'!K2:K13)/(('Raw Data'!C13)/AVERAGE('Raw Data'!G2:G13)) -> 1.6898996
B18: =B17-18 -> -16.3101
A19: LTV:CAC Ratio | B19: =AVERAGE('Raw Data'!L2:L13)/AVERAGE('Raw Data'!K2:K13) -> 5.7384073
A20: LTV:CAC vs 3x benchmark | B20: =AVERAGE('Raw Data'!L2:L13)/AVERAGE('Raw Data'!K2:K13) -> 5.7384073
B21: =B20-3 -> 2.7384073
A22: Gross Annual Churn Rate | B22: =SUM('Raw Data'!E2:E13)/('Raw Data'!C2*12) -> 0.036142337
A23: Churn vs 10% benchmark | B23: =SUM('Raw Data'!E2:E13)/('Raw Data'!C2*12) -> 0.036142337
B24: =B23-0.1 -> -0.063857663

Sheet Charts
A1: Month | B1: MRR ($) | C1: New ARR | D1: Churn ARR | E1: NPS | F1: Customers
A2: ='Raw Data'!A2 -> Jan-24 | B2: ='Raw Data'!C2 -> 891805 | C2: ='Raw Data'!D2 -> 88278 | D2: ='Raw Data'!E2 -> 42299 | E2: ='Raw Data'!J2 -> 46 | F2: ='Raw Data'!G2 -> 438
A3: ='Raw Data'!A3 -> Feb-24 | B3: ='Raw Data'!C3 -> 920886 | C3: ='Raw Data'!D3 -> 140302 | D3: ='Raw Data'!E3 -> 19041 | E3: ='Raw Data'!J3 -> 49 | F3: ='Raw Data'!G3 -> 451
A4: ='Raw Data'!A4 -> Mar-24 | B4: ='Raw Data'!C4 -> 968293 | C4: ='Raw Data'!D4 -> 156426 | D4: ='Raw Data'!E4 -> 31746 | E4: ='Raw Data'!J4 -> 67 | F4: ='Raw Data'!G4 -> 475
A5: ='Raw Data'!A5 -> Apr-24 | B5: ='Raw Data'!C5 -> 1009618 | C5: ='Raw Data'!D5 -> 121421 | D5: ='Raw Data'!E5 -> 23094 | E5: ='Raw Data'!J5 -> 44 | F5: ='Raw Data'!G5 -> 498
A6: ='Raw Data'!A6 -> May-24 | B6: ='Raw Data'!C6 -> 1058193 | C6: ='Raw Data'!D6 -> 90695 | D6: ='Raw Data'!E6 -> 41911 | E6: ='Raw Data'!J6 -> 54 | F6: ='Raw Data'!G6 -> 528
A7: ='Raw Data'!A7 -> Jun-24 | B7: ='Raw Data'!C7 -> 1109574 | C7: ='Raw Data'!D7 -> 132400 | D7: ='Raw Data'!E7 -> 36918 | E7: ='Raw Data'!J7 -> 63 | F7: ='Raw Data'!G7 -> 544
A8: ='Raw Data'!A8 -> Jul-24 | B8: ='Raw Data'!C8 -> 1171333 | C8: ='Raw Data'!D8 -> 98238 | D8: ='Raw Data'!E8 -> 30455 | E8: ='Raw Data'!J8 -> 47 | F8: ='Raw Data'!G8 -> 567
A9: ='Raw Data'!A9 -> Aug-24 | B9: ='Raw Data'!C9 -> 1231135 | C9: ='Raw Data'!D9 -> 94358 | D9: ='Raw Data'!E9 -> 37960 | E9: ='Raw Data'!J9 -> 47 | F9: ='Raw Data'!G9 -> 595
A10: ='Raw Data'!A10 -> Sep-24 | B10: ='Raw Data'!C10 -> 1291706 | C10: ='Raw Data'!D10 -> 158000 | D10: ='Raw Data'!E10 -> 25196 | E10: ='Raw Data'!J10 -> 68 | F10: ='Raw Data'!G10 -> 607
A11: ='Raw Data'!A11 -> Oct-24 | B11: ='Raw Data'!C11 -> 1333022 | C11: ='Raw Data'!D11 -> 159341 | D11: ='Raw Data'!E11 -> 41524 | E11: ='Raw Data'!J11 -> 54 | F11: ='Raw Data'!G11 -> 620
A12: ='Raw Data'!A12 -> Nov-24 | B12: ='Raw Data'!C12 -> 1382876 | C12: ='Raw Data'!D12 -> 158579 | D12: ='Raw Data'!E12 -> 35661 | E12: ='Raw Data'!J12 -> 60 | F12: ='Raw Data'!G12 -> 646
A13: ='Raw Data'!A13 -> Dec-24 | B13: ='Raw Data'!C13 -> 1430101 | C13: ='Raw Data'!D13 -> 149686 | D13: ='Raw Data'!E13 -> 20978 | E13: ='Raw Data'!J13 -> 62 | F13: ='Raw Data'!G13 -> 661
